Genus,Family
Linum,Linaceae
Erythronium,Liliaceae
Claytonia,Montiaceae
Frasera,Gentianaceae
Valeriana,Caprifoliaceae
Dodecatheon,Primulaceae
Pedicularis,Orobanchaceae
Lathyrus,Fabaceae
Vicia,Fabaceae
Hymenoxys,Asteraceae
Wyethia,Asteraceae
Senecio,Asteraceae
Symphyotrichum,Asteraceae
Parnassia,Celastraceae
Cynoglossum,Boraginaceae
Trollius,Ranunculaceae
Viola,Violaceae
Caltha,Ranunculaceae
Salix,Salicaceae
Aquilegia,Ranunculaceae
Arenaria,Caryophyllaceae
Aconitum,Ranunculaceae
Epilobium,Onagraceae
Hydrophyllum,Hydrophyllaceae
